name,defense,dp_enabled,secagg_enabled,he_enabled,relax_with_secagg,epsilon,rmse,recall@5,recall@10,ndcg@5,ndcg@10,mia_auc,shadow_auc,support_precision,support_recall,wall_time_sec,split_strategy,implicit_feedback,negative_ratio,dataset_n_users,dataset_n_items,dataset_n_interactions,dataset_density,num_clients,clients_per_round,num_rounds,local_epochs,batch_size,learning_rate,embedding_dim,mlp_layers,seed,dataset,evaluation_protocol
no_defense,no_defense,False,False,False,False,,3.202526418601966,0.0,0.01,0.0,0.0035620718710802,0.4727771364004918,0.5050165,0.0178571428571428,1.0,13.797849709000005,chronological,False,0,2965,5615,445773,0.0267756055734834,2965,5,1,1,64,0.01,16,"32,16",21,MovieLens-32M sample (3k users),chronological explicit ratings
secagg_only,secagg_only,False,True,False,False,,3.202526754612156,0.0,0.01,0.0,0.0035620718710802,0.472777151047857,0.505017,0.0017809439002671,1.0,10.457514822000007,chronological,False,0,2965,5615,445773,0.0267756055734834,2965,5,1,1,64,0.01,16,"32,16",21,MovieLens-32M sample (3k users),chronological explicit ratings
dp_only_eps_0.5,dp_only,True,False,False,False,0.5,4598.149670722162,0.0,0.0,0.0,0.0,0.4965944521264864,0.5009978749999999,0.0017809439002671,1.0,17.672569371999998,chronological,False,0,2965,5615,445773,0.0267756055734834,2965,5,1,1,64,0.01,16,"32,16",21,MovieLens-32M sample (3k users),chronological explicit ratings
dp_secagg_eps_0.5,dp_secagg,True,True,False,True,0.5,242.21169542622917,0.0,0.0,0.0,0.0,0.4974816077679806,0.501617375,0.0017809439002671,1.0,15.091899554999998,chronological,False,0,2965,5615,445773,0.0267756055734834,2965,5,1,1,64,0.01,16,"32,16",21,MovieLens-32M sample (3k users),chronological explicit ratings
dp_only_eps_1,dp_only,True,False,False,False,1.0,1447.9771978410845,0.0,0.0,0.0,0.0,0.4966525616933898,0.5042375,0.0017809439002671,1.0,7.897586633999992,chronological,False,0,2965,5615,445773,0.0267756055734834,2965,5,1,1,64,0.01,16,"32,16",21,MovieLens-32M sample (3k users),chronological explicit ratings
dp_secagg_eps_1,dp_secagg,True,True,False,True,1.0,85.19604517815668,0.0,0.0,0.0,0.0,0.4988730320097868,0.4985943749999999,0.0017809439002671,1.0,9.634426882000014,chronological,False,0,2965,5615,445773,0.0267756055734834,2965,5,1,1,64,0.01,16,"32,16",21,MovieLens-32M sample (3k users),chronological explicit ratings
dp_only_eps_2,dp_only,True,False,False,False,2.0,473.2372283773092,0.0,0.01,0.0,0.0031546487678572,0.4970046521673956,0.5038478750000001,0.0017809439002671,1.0,9.427046797999992,chronological,False,0,2965,5615,445773,0.0267756055734834,2965,5,1,1,64,0.01,16,"32,16",21,MovieLens-32M sample (3k users),chronological explicit ratings
dp_secagg_eps_2,dp_secagg,True,True,False,True,2.0,30.722976882714168,0.0,0.0,0.0,0.0,0.5012634879867449,0.4926455,0.0017809439002671,1.0,11.527077934999994,chronological,False,0,2965,5615,445773,0.0267756055734834,2965,5,1,1,64,0.01,16,"32,16",21,MovieLens-32M sample (3k users),chronological explicit ratings
no_defense,no_defense,False,False,False,False,,,0.0560344827586206,0.0862068965517241,0.036594658163669,0.0463652283494565,0.5307327586206897,0.5012447978596909,0.4166666666666667,1.0,5.602451888999999,random,True,1,232,111,863,0.0335119602360981,232,5,1,1,64,0.01,16,"32,16",21,Amazon Electronics,random implicit interactions
secagg_only,secagg_only,False,True,False,False,,,0.0560344827586206,0.0862068965517241,0.036594658163669,0.0463652283494565,0.5307327586206897,0.5012447978596909,0.045045045045045,1.0,10.189123241,random,True,1,232,111,863,0.0335119602360981,232,5,1,1,64,0.01,16,"32,16",21,Amazon Electronics,random implicit interactions
dp_only_eps_0.5,dp_only,True,False,False,False,0.5,,0.0301724137931034,0.0818965517241379,0.0197387451398743,0.0366480252302071,0.5197413793103448,0.5,0.045045045045045,1.0,16.111470535000002,random,True,1,232,111,863,0.0335119602360981,232,5,1,1,64,0.01,16,"32,16",21,Amazon Electronics,random implicit interactions
dp_secagg_eps_0.5,dp_secagg,True,True,False,True,0.5,,0.0474137931034482,0.0948275862068965,0.0312090034185326,0.046195191146809,0.5102586206896552,0.5149747324613556,0.045045045045045,1.0,19.701280695,random,True,1,232,111,863,0.0335119602360981,232,5,1,1,64,0.01,16,"32,16",21,Amazon Electronics,random implicit interactions
dp_only_eps_1,dp_only,True,False,False,False,1.0,,0.0301724137931034,0.0732758620689655,0.0216283731069224,0.0357304638787435,0.5225431034482759,0.4957175237812128,0.045045045045045,1.0,10.420498469999998,random,True,1,232,111,863,0.0335119602360981,232,5,1,1,64,0.01,16,"32,16",21,Amazon Electronics,random implicit interactions
dp_secagg_eps_1,dp_secagg,True,True,False,True,1.0,,0.0560344827586206,0.0948275862068965,0.0309868444481851,0.0432857276740102,0.5094827586206897,0.5232424197384067,0.045045045045045,1.0,10.395749191999997,random,True,1,232,111,863,0.0335119602360981,232,5,1,1,64,0.01,16,"32,16",21,Amazon Electronics,random implicit interactions
dp_only_eps_2,dp_only,True,False,False,False,2.0,,0.043103448275862,0.0862068965517241,0.0285993910802408,0.0420976224231201,0.5130603448275862,0.5062239892984542,0.045045045045045,1.0,10.80031481799999,random,True,1,232,111,863,0.0335119602360981,232,5,1,1,64,0.01,16,"32,16",21,Amazon Electronics,random implicit interactions
dp_secagg_eps_2,dp_secagg,True,True,False,True,2.0,,0.0474137931034482,0.0948275862068965,0.0267097631131927,0.0424652924575034,0.5075862068965518,0.5139714625445898,0.045045045045045,1.0,12.139137876999996,random,True,1,232,111,863,0.0335119602360981,232,5,1,1,64,0.01,16,"32,16",21,Amazon Electronics,random implicit interactions
